HLA,peptide,Label,Length,allele,seq,el_pred
HLA-B48:01,MMWATAQAL,1,9,HLA-B48:01,YYSEYREISTNTYESNLYLSYNYYSLAVLAYEWY,0.17507496
HLA-B48:01,LQRFSVAPM,1,9,HLA-B48:01,YYSEYREISTNTYESNLYLSYNYYSLAVLAYEWY,0.054029126
HLA-B48:01,RHDITGFIL,1,9,HLA-B48:01,YYSEYREISTNTYESNLYLSYNYYSLAVLAYEWY,0.7334427
HLA-B48:01,RRDKRSVAL,1,9,HLA-B48:01,YYSEYREISTNTYESNLYLSYNYYSLAVLAYEWY,0.548805
HLA-B48:01,GPASLPTAL,1,9,HLA-B48:01,YYSEYREISTNTYESNLYLSYNYYSLAVLAYEWY,0.3801271
HLA-B48:01,VQHAPQVSL,1,9,HLA-B48:01,YYSEYREISTNTYESNLYLSYNYYSLAVLAYEWY,0.35052752
HLA-B48:01,MEFWLVAAL,1,9,HLA-B48:01,YYSEYREISTNTYESNLYLSYNYYSLAVLAYEWY,0.9981348
HLA-B48:01,SHYSHNPKL,1,9,HLA-B48:01,YYSEYREISTNTYESNLYLSYNYYSLAVLAYEWY,0.8193294
HLA-B48:01,KQIAEHATI,1,9,HLA-B48:01,YYSEYREISTNTYESNLYLSYNYYSLAVLAYEWY,0.042042017
HLA-B48:01,RAWGRRLMI,1,9,HLA-B48:01,YYSEYREISTNTYESNLYLSYNYYSLAVLAYEWY,0.051319405
HLA-B48:01,QQLYTSPSF,1,9,HLA-B48:01,YYSEYREISTNTYESNLYLSYNYYSLAVLAYEWY,0.074020766
HLA-B48:01,MPAYIRNTL,1,9,HLA-B48:01,YYSEYREISTNTYESNLYLSYNYYSLAVLAYEWY,0.37113553
HLA-B48:01,YQRALHTSI,1,9,HLA-B48:01,YYSEYREISTNTYESNLYLSYNYYSLAVLAYEWY,0.103889376
HLA-B48:01,WQLTSIWPI,1,9,HLA-B48:01,YYSEYREISTNTYESNLYLSYNYYSLAVLAYEWY,0.0063320207
HLA-B48:01,AQAELDAAF,1,9,HLA-B48:01,YYSEYREISTNTYESNLYLSYNYYSLAVLAYEWY,0.09760881
HLA-B48:01,FIRYGDASL,1,9,HLA-B48:01,YYSEYREISTNTYESNLYLSYNYYSLAVLAYEWY,0.19857362
HLA-B48:01,YMREVGAAL,1,9,HLA-B48:01,YYSEYREISTNTYESNLYLSYNYYSLAVLAYEWY,0.4336302
HLA-B48:01,RENGGYWLL,1,9,HLA-B48:01,YYSEYREISTNTYESNLYLSYNYYSLAVLAYEWY,0.98074794
HLA-B48:01,RRWIAPHPL,1,9,HLA-B48:01,YYSEYREISTNTYESNLYLSYNYYSLAVLAYEWY,0.18142876
HLA-B48:01,AQNAISTTF,1,9,HLA-B48:01,YYSEYREISTNTYESNLYLSYNYYSLAVLAYEWY,0.4237899
HLA-B48:01,YMKPGSSPL,1,9,HLA-B48:01,YYSEYREISTNTYESNLYLSYNYYSLAVLAYEWY,0.53094345
HLA-B48:01,RVRQAWDTL,1,9,HLA-B48:01,YYSEYREISTNTYESNLYLSYNYYSLAVLAYEWY,0.062345922
HLA-B48:01,GQFNRYAAM,1,9,HLA-B48:01,YYSEYREISTNTYESNLYLSYNYYSLAVLAYEWY,0.25563157
HLA-B48:01,RQNLSSSEL,1,9,HLA-B48:01,YYSEYREISTNTYESNLYLSYNYYSLAVLAYEWY,0.14204653
HLA-B48:01,VQTGANTNT,0,9,HLA-B48:01,YYSEYREISTNTYESNLYLSYNYYSLAVLAYEWY,0.00010681083
HLA-B48:01,QVEIYSFPK,0,9,HLA-B48:01,YYSEYREISTNTYESNLYLSYNYYSLAVLAYEWY,0.000107635744
HLA-B48:01,LPLEIMSGG,0,9,HLA-B48:01,YYSEYREISTNTYESNLYLSYNYYSLAVLAYEWY,0.0003580214
HLA-B48:01,PLNSSQGYN,0,9,HLA-B48:01,YYSEYREISTNTYESNLYLSYNYYSLAVLAYEWY,4.9861006e-05
HLA-B48:01,SCIIQSILD,0,9,HLA-B48:01,YYSEYREISTNTYESNLYLSYNYYSLAVLAYEWY,0.00017853174
HLA-B48:01,AKKAASKTL,0,9,HLA-B48:01,YYSEYREISTNTYESNLYLSYNYYSLAVLAYEWY,0.09747408
HLA-B48:01,FDHAALSAP,0,9,HLA-B48:01,YYSEYREISTNTYESNLYLSYNYYSLAVLAYEWY,0.12302688
HLA-B48:01,SLDQLCQVT,0,9,HLA-B48:01,YYSEYREISTNTYESNLYLSYNYYSLAVLAYEWY,0.001360016
HLA-B48:01,TTIVGYILL,0,9,HLA-B48:01,YYSEYREISTNTYESNLYLSYNYYSLAVLAYEWY,0.060381778
HLA-B48:01,GSTDHVIRI,0,9,HLA-B48:01,YYSEYREISTNTYESNLYLSYNYYSLAVLAYEWY,0.031892147
HLA-B48:01,YIILKGSVN,0,9,HLA-B48:01,YYSEYREISTNTYESNLYLSYNYYSLAVLAYEWY,0.00021234888
HLA-B48:01,ECEPRCLVP,0,9,HLA-B48:01,YYSEYREISTNTYESNLYLSYNYYSLAVLAYEWY,0.001190715
HLA-B48:01,ESICLLLGE,0,9,HLA-B48:01,YYSEYREISTNTYESNLYLSYNYYSLAVLAYEWY,8.585242e-05
HLA-B48:01,TTTKLNRHK,0,9,HLA-B48:01,YYSEYREISTNTYESNLYLSYNYYSLAVLAYEWY,3.8508144e-05
HLA-B48:01,LILIKNTKA,0,9,HLA-B48:01,YYSEYREISTNTYESNLYLSYNYYSLAVLAYEWY,0.00030001937
HLA-B48:01,RSDSAPRNK,0,9,HLA-B48:01,YYSEYREISTNTYESNLYLSYNYYSLAVLAYEWY,0.0008827173
HLA-B48:01,RSLTLLQSN,0,9,HLA-B48:01,YYSEYREISTNTYESNLYLSYNYYSLAVLAYEWY,0.00013568888
HLA-B48:01,PATETKKVS,0,9,HLA-B48:01,YYSEYREISTNTYESNLYLSYNYYSLAVLAYEWY,0.00042284164
HLA-B48:01,QHFSRRVKR,0,9,HLA-B48:01,YYSEYREISTNTYESNLYLSYNYYSLAVLAYEWY,0.0011949377
HLA-B48:01,IINTPLWPC,0,9,HLA-B48:01,YYSEYREISTNTYESNLYLSYNYYSLAVLAYEWY,0.0009844332
HLA-B48:01,IQRVHTPFE,0,9,HLA-B48:01,YYSEYREISTNTYESNLYLSYNYYSLAVLAYEWY,0.000344332
HLA-B48:01,DFKATADDE,0,9,HLA-B48:01,YYSEYREISTNTYESNLYLSYNYYSLAVLAYEWY,0.00017710195
HLA-B48:01,DRAPLTATA,0,9,HLA-B48:01,YYSEYREISTNTYESNLYLSYNYYSLAVLAYEWY,0.030414863
HLA-B48:01,QLGDVSQKT,0,9,HLA-B48:01,YYSEYREISTNTYESNLYLSYNYYSLAVLAYEWY,0.00039575342
HLA-B48:01,TEGYSPPAA,0,9,HLA-B48:01,YYSEYREISTNTYESNLYLSYNYYSLAVLAYEWY,0.44020388
